title, start_date, rrule_string
Dordrecht - Photograph Appointment, 2026-03-31, FREQ=DAILY;COUNT=1
🔵 ÇÖP Kağıt, 2026-12-03, FREQ=DAILY;COUNT=1
🔵 ÇÖP Kağıt, 2026-11-05, FREQ=DAILY;COUNT=1
🔵 ÇÖP Kağıt, 2026-10-01, FREQ=DAILY;COUNT=1
🔵 ÇÖP Kağıt, 2026-09-03, FREQ=DAILY;COUNT=1
🔵 ÇÖP Kağıt, 2026-08-06, FREQ=DAILY;COUNT=1
🔵 ÇÖP Kağıt, 2026-07-02, FREQ=DAILY;COUNT=1
🔵 ÇÖP Kağıt, 2026-06-04, FREQ=DAILY;COUNT=1
🔵 ÇÖP Kağıt, 2026-05-07, FREQ=DAILY;COUNT=1
🔵 ÇÖP Kağıt, 2026-04-02, FREQ=DAILY;COUNT=1
🔵 ÇÖP Kağıt, 2026-03-05, FREQ=DAILY;COUNT=1
🔵 ÇÖP Kağıt, 2026-02-05, FREQ=DAILY;COUNT=1
🔵 ÇÖP Kağıt, 2026-01-21, FREQ=DAILY;COUNT=1
🟡 ÇÖP Sarı, 2026-03-11, FREQ=WEEKLY;INTERVAL=1;BYDAY=WE
🟢 ÇÖP Yeşil, 2026-03-10, FREQ=WEEKLY;INTERVAL=2;BYDAY=TU
⚫ ÇÖP Siyah, 2026-03-09, FREQ=WEEKLY;INTERVAL=4;BYDAY=MO